Chủ đề,Nội dung giáo dục,Chi tiết nội dung,Khoa học máy tính - Yêu cầu cần đạt,Tin học ứng dụng - Yêu cầu cần đạt
A1,Tin học và xử lí thông tin,"Dữ liệu, thông tin và xử lí thông tin","a. Phân biệt được thông tin và dữ liệu, nêu được ví dụ minh họa.
b. Chuyển đổi được giữa các đơn vị lưu trữ thông tin: B, KB, MB, v.v...
c. Nêu được sự ưu việt của việc lưu trữ, xử lý và truyền thông tin bằng thiết bị số.",Giống Khoa học máy tính
A1,Tin học và xử lí thông tin,Vai trò của máy tính và các thiết bị thông minh trong nền kinh tế tri thức,"a. Trình bày được những đóng góp cơ bản của tin học đối với xã hội, nêu được ví dụ minh họa.
b. Nêu được ví dụ cụ thể về thiết bị thông minh. Giải thích được vai trò của những thiết bị thông minh đối với sự phát triển của xã hội và cuộc cách mạng công nghiệp 4.0.
c. Nhận biết được một vài thiết bị số thông dụng khác ngoài máy tính để bàn và laptop, giải thích được các thiết bị đó cũng là những hệ thống xử lý thông tin.
d. Giới thiệu được các thành tựu nổi bật ở một số mốc thời gian để minh họa sự phát triển của ngành tin học.",Giống Khoa học máy tính
A2,Biểu diễn thông tin,Kỹ năng sử dụng thiết bị số của mỗi công dân,"a. Thực hiện được các phép tính cơ bản AND, OR, NOT, giải thích được ứng dụng của hệ nhị phân trong tin học. Giải thích được sơ lược việc số hóa văn bản, hình ảnh, âm thanh.
b. Giải thích được sơ lược về chức năng của bảng mã chuẩn quốc tế. (Ví dụ: Unicode)",Không học
